id,label
ns26_d5981fcee61ebb8104aee19ad19d71a8,invoice
ns26_34a5bd019d7907385ad97a9d5a30385f,invoice
ns26_a5bf358806a906017981b8bd74939844,invoice
ns26_182798033b3e4c571533a0ee4a24def5,invoice
ns26_44469f9c48a342332703830d21879258,invoice
ns26_1c4733c76e4faca0f5ee3fb0dd978901,invoice
ns26_f90b3275830128c5aff933145e76229a,invoice
ns26_9a6bf830bfe3413b9ed17dd31b1881d3,invoice
ns26_b072a83a122b596f958598b534c237f7,invoice
ns26_b8186b830a689cf39e9f39a555282493,invoice
ns26_6492f3f246693279fdcec51baf1d29e4,invoice
ns26_805161d16190f457fd4de6e45e02d838,invoice
ns26_e441f249066a87c6327f34c44523baec,invoice
ns26_8c1e66993bd54111d61331075e90080e,invoice
ns26_95a6e256741cf2de2239285ae2c81a9d,invoice
ns26_bf8f85331ea80a885325048c3a71d8a6,invoice
ns26_103618e54c12981ec090c7381dc6cbe2,invoice
ns26_b1e6f92e509d413435e5b44cc25c1f8a,invoice
ns26_81ce306448455bf54a50901f922f67d5,invoice
ns26_6cdaa3fa3c7a881bd108fcc6bad3c405,invoice
ns26_9d60c44d757353b0f8d0d5aad559bd6f,invoice
ns26_e9eaafe4d664b7883e6a8bce8c864d83,invoice
ns26_cace8e0ccbee6cf3e40613908ed50281,invoice
ns26_758190f85b24d4243608fd202bee4bd9,invoice
ns26_82fd2f83365871bb6c35c830a994e290,invoice
ns26_1004eb7701e7f3f95171c777767e7850,invoice
ns26_228212731b12cb8891b9fd829cf5a1ab,invoice
ns26_e1a8bbd08241bd1cb02a82ef91ead69f,invoice
ns26_84ca0b1e3f94b7fabdf7bd51b70c6cd7,invoice
ns26_bd90e1b14b70e223c917803a9a402dd8,invoice
ns26_8f3ba9a06bf3f279cbbd6de0d15c744b,invoice
ns26_184207bb63cc02a07836026c44617ca9,invoice
ns26_828d1b5caa5fb5da356defb4c578828c,invoice
ns26_2ba69b351cb8dc24b4223bd0ae28ae8a,invoice
ns26_606565034280ccd516950e524e7e01de,invoice
ns26_144d9cee9d78ca4bc2784dbf923cd066,invoice
ns26_2e1a9679538ef0ac20e855f4903dde6c,invoice
ns26_65dbc51da31c97f3a26494a824367f6e,invoice
ns26_ea71cf475e7dd970d5c7e9314b30d00f,invoice
ns26_9658820049a0dba1a67b448d7cf93b35,invoice
ns26_6d81cbbbe5a57e923f4f902c50ed1b33,invoice
ns26_3cc71995991c7fc072a0de101e875b97,invoice
ns26_619b464773709bb4a598f15b2b6f3b4b,invoice
ns26_a6cd05b6171b1ba68984e3e05e07a701,invoice
ns26_5198bb61a410f6d4dc9d21fc444300a3,invoice
ns26_35cd6e65bed04e22656a4c832556b40a,invoice
ns26_387adb2a28b2ada065df337b96aa9179,invoice
ns26_4d18c1f76953688f276a4a8369ba5745,invoice
ns26_2435fc0456d0ec88f865cedf7a64b2d7,invoice
ns26_298e1b4013597452dace4d2fd0baf891,invoice
ns26_8b1807c7ecdad38665e35185df504a04,invoice
ns26_59057184bc2c169abc68aa8bd053e312,invoice
ns26_899846526859cc5cd2238d6db5798543,invoice
ns26_7ae220c97210da6abbd98e84306f16d2,invoice
ns26_cea75f858daa7174b257db9d64335920,invoice
ns26_e1b2681798eea566032ed776fd3fb9da,invoice
ns26_804bb4950efec5c817337150f4cffb9f,invoice
ns26_e36250053a8a272f6b532d8117e23612,invoice
ns26_8ba7d50501b9835822f8582a6e67247d,invoice
ns26_589d4d53ffa37304b6d42ee167f1631a,invoice
ns26_553a9258603aae3ee4ec4a4fb7eaa7cf,invoice
ns26_26e49e9398722e060a0c7989383be741,invoice
ns26_3dd4f427bc8c48fb046a74094391b466,invoice
ns26_d0df660f5fa4c012ef835fb8e2d686c1,invoice
ns26_4799c2a22d118550e5cc1665bc0a9591,invoice
ns26_45d7a40bc849ff035a4c3ac3fe1a5220,invoice
ns26_a33aa0e9fda97d55b4e784a3b4ba714d,invoice
ns26_e0c67624604b0996e62fdc2a033396e6,invoice
ns26_f9a984cf6f4a9206e9af17f593a5ad9c,invoice
ns26_0fc4cbf452e861907a7c6a15c0c3db0f,invoice
ns26_cbaad0ad4a410008a0ee084b834d6036,invoice
ns26_30565ba3d3fe269d131afac1b49f52ad,invoice
ns26_b4e3609ec06f9a29c25096dd955c2bf7,invoice
ns26_1d3717da40ae9b212ddc028b3657d589,invoice
ns26_156802afdec7c19a359699acfeb6f4d1,invoice
ns26_5692f1a7476725b572f5328cc822f4f9,invoice
ns26_d1e650494e2eda929312f418ac7c937e,invoice
ns26_1a492fca5813a52a0a1bc93ee1c90208,invoice
ns26_f03c61dccaa2ea5a40bc410c21558bb8,invoice
ns26_7927cb99858a8d9c333c20cabad44be4,invoice
ns26_bb2dea895d80fec6157ffc72e77c041a,invoice
ns26_2e07a13b81704d47c62812629dc27296,invoice
ns26_bbf364d5cb5a66dbc8843b743fd84d9e,invoice
ns26_60bfa66cfcb5de5aed7da70a7d478f30,invoice
ns26_5d856e4eda6d4049f60952067c581627,invoice
ns26_3aade612e5e234f90647f5b624b699d0,invoice
ns26_abda66537795a3d4d3a6fed8a8227e82,invoice
ns26_d27e74fc6f836da4cd5cfeaee39a971b,invoice
ns26_4a7210e61334c5f33348d4a3687087ce,invoice
ns26_b4d0f9804d433dffb12aa9b5af12b272,invoice
ns26_d6002d3e82284536204f10a9ca15f32b,invoice
ns26_62a9ced5e1a48a8ce560a4dd590e2de8,invoice
ns26_ed830173c298629767fa36ba7ad6f2d8,invoice
ns26_766f0ae44afb4bfd793b8abd6ae710bd,invoice
ns26_0cafc7b02e6c812817aa621116b60585,invoice
ns26_6733d29b3f16463ef265217bebc38236,invoice
ns26_a1712478319fd938a91dd0bb386502fe,invoice
ns26_7ac743fe3da1459ad2352f7e69a7dcba,invoice
ns26_712f9e2a865c7dbe88871fd05f689b54,invoice
ns26_d0084de00e5c484ddee22824a736be6b,invoice
ns26_4ae6ace9f04c264fb46e6595e90edf53,invoice
ns26_d0d060985b68f448d1507c30dde5f9b6,invoice
ns26_6f5358f594b4ee5e74541b90682533e6,invoice
ns26_cdc6ff382840ef701d5ea19f28a2c7bd,invoice
ns26_c577da0f5d54cac3c7697bbc6690465f,invoice
ns26_006f465c68bc57ff671bc380848ca77f,invoice
ns26_877703ba1f679f2655bad72b966d7723,invoice
ns26_7a93fba70d2e63b7715e6a9c32ff2d87,invoice
ns26_d446c26c37f384028aee433fd0174cbc,invoice
ns26_ddd3900f3cbc007fcad874075113dfe1,invoice
ns26_95150c66427d830469c4442d39938836,invoice
ns26_24d0084391b5e8ac086eadd7fc9d333f,invoice
ns26_9be8637b44c6b6e5d8c0679458aab63f,invoice
ns26_11627f3222d4c37a1adbe3f85b133299,invoice
ns26_dfe18e853b471d99211b13f6193eae8a,invoice
ns26_497a3d3e8191b2f182a265c8d871f591,invoice
ns26_c8005cd78b0fa0367afcd6ec5a602509,invoice
ns26_1e01d6c495bdb5a6d3841c2d1eac1224,invoice
ns26_c677ca4195e59f67875712e840ded848,invoice
ns26_5e8027732066c106f13f92e4a160a1ca,invoice
ns26_7313e4898bea6454224ac5591d2cace2,invoice
ns26_c03b05d48fb6c7d9a036ec0b015db725,invoice
ns26_afade680d200dd59128a4921830e4f70,invoice
ns26_ba5e1faa7fe76652aa592d5b364f5d35,invoice
ns26_5e9f22c4ae0139a44ff72b2e9cd30b69,invoice
ns26_fafd7484eb3d8a6c0838b92ddbc80c00,invoice
ns26_3e924dcf9a3dfccef0f6586a9e70ec82,invoice
ns26_3ea0eb9c6a6c8ff5028765c0a14bcfae,invoice
ns26_c19584abf35efeeb9b52212f3652787e,invoice
ns26_2a8c2b6611c1f36dd603de7f1cae68b3,invoice
ns26_1190ab1797bfdab41573e9d88fc05558,invoice
ns26_2cb7f413b5ab55f26dcc0b5d38431698,invoice
ns26_a456f53786ab35319e93ae646220d9b3,invoice
ns26_91998a9ffe0673bdcc7056277ee9c829,invoice
ns26_dc1225de374e9e699ae03f82e6976f6a,invoice
ns26_ded7873cf8a77f54ea92ee2b90481504,invoice
ns26_d215116767f849150df2174d94555872,invoice
ns26_98af19b5810b35bb3de4b331047fe159,invoice
ns26_7d8228e6974f4f97cc04789b390185e6,invoice
ns26_2b68fabe32897e14f4da10dadb367d7f,invoice
ns26_d21d3f8320911d8ad02ac41736b3fa74,invoice
ns26_3c5d1b9943d55627fbe0a0adcb7e9ec5,invoice
ns26_a86cfdc8208701b71b994019788715d6,invoice
ns26_0ea82aa49017817d677a43cfe613d049,invoice
ns26_bc71e30bb2d82253fa80d6163345253d,invoice
ns26_f70ba0b75da48ebe25f7ff1fd9c41823,invoice
ns26_8316035d117c2d6873d44e8645f06a19,invoice
ns26_804fe234dbf3b79ad2c2b6cda78fff91,invoice
ns26_2513db3f816e17868dd3f4091d1ebfec,invoice
ns26_3b4a441acdd3c244663baad96b32c7c1,invoice
ns26_cecde1744c24e4deafd803825a9ce07d,invoice
ns26_d82c59a48508dbdabd7c3ec8f3ec482c,invoice
ns26_6f0a95359cc0c25b12f8e1d827f1296e,invoice
ns26_b878c99811451d23335136e5e62cf671,invoice
ns26_2918cf647da38ed7d1084a8d7dbd7f62,invoice
ns26_d74394febe7a93a6ec75f51ec94097d3,invoice
ns26_022021a5bae1b010c70541166048158f,invoice
ns26_10c254d43459d7479640e94c3020c172,invoice
ns26_b8cf7b8450b5810ad6ef467932df79e2,invoice
ns26_76a4436006bd1d48afc90d743d2e21b1,invoice
ns26_9b8421e95d71b6d1b2d5157b0b953110,invoice
ns26_6baaafbe9315ffe53582effa14e52d86,invoice
ns26_668d9221862c9c7d002b392d2146168d,invoice
ns26_fdd2b75c9552f77e95911a0f0d7b7ec5,invoice
ns26_b62439c720153676013691941892c3cc,invoice
ns26_c718d6d3acedcb952fa42ac26237f750,invoice
ns26_31dade127c378d1b3dd8e738d216b252,invoice
ns26_6ad46173df20294c3c336bd9cd6d0792,invoice
ns26_56d643cec044ea5a24c60cb1703d6099,invoice
ns26_f0d3bfca8cd59f9c6c3c00b5e7f3b45a,invoice
ns26_b70a254c8b72a69250d6dc11384a9ef0,invoice
ns26_e981c57dd0e9bc40d875f636433232f0,invoice
ns26_6960027fde6b714c811c302d49cf1dd4,invoice
ns26_34bd26d728fbd0652baff739792b52a1,invoice
ns26_140e11911b81e127e3a8514577bf4620,invoice
ns26_7c3317d0ed7071dc81d0ffa57e3d3f52,invoice
ns26_4271b375af6694bc2ed4e14e18c4588c,invoice
ns26_791f2a9db962fb9cea5c37bd2eceabe3,invoice
ns26_b0307da69226afea61250e95bb706478,invoice
ns26_66479acf411234e2b361b3bbb5b1cdcd,invoice
ns26_e9b06a6bba0e7ce0226f449a3a8fb4b5,invoice
ns26_2da62722674a1cd7223cdd1356a47451,invoice
ns26_57dd15dfef50db17f685d90c7f2f897f,invoice
ns26_55214ddb1305bc75120d3426a652a1a7,invoice
ns26_7b6396a8d281bf4fe62d366779d5a526,invoice
ns26_4229236c5fd49bb160a4ebb649bf0241,invoice
ns26_7fda2af42cdcecfd1c7956462d471e98,invoice
ns26_2137b9c42763800e029191aec7747667,invoice
ns26_fc6beb126e533343557d2ffb5597afd0,invoice
ns26_b1bdb8b4e86c5a516b53fdd5a5e62e8d,invoice
ns26_91451fb046964e9115e6bd8d38657ca4,invoice
ns26_a5cb53840d9cfbf612227892a34a6685,invoice
ns26_43fbf71474d38958e98c0a7065763e88,invoice
ns26_66f7a4f0130104c51348c0bc9b98709f,invoice
ns26_5ecd75a1dcfad59d47cf7d52ff89c48e,invoice
ns26_8452c6214cec8b9ebcd59addc09b0752,invoice
ns26_4d78044544dc9dc3b1455c38b2d0c4db,invoice
ns26_d73c92aa33647122d5887f4017827e53,invoice
ns26_04878a8e370eda52edbdf268d09ef2d3,invoice
ns26_9b7764780522d6883207d60b97e877b5,invoice
ns26_3280133493ab1dc7ceda30cd33b37ad1,invoice
ns26_3288afd9ac3b6d535afd695b2edad8a6,invoice
ns26_ff57cf87ccb38d41bc775dc920c04d4b,invoice
ns26_6d1251524fd400ea1352cb6816591b6c,invoice
ns26_a29614da2cf8fcaf270d018db5ef6853,invoice
ns26_240e78e24e15c5ff15555669ff5777e3,invoice
ns26_29dfac68f65a79b7fe5b6a9958b3661b,invoice
ns26_0a1fca00322cd91ffc0cca326124d63b,invoice
ns26_d8ba596daf1662f4919ce15cc172b397,invoice
ns26_a573ec3089f6a641bbea22cf1910fbe0,invoice
ns26_b071bbd73319c32ec4e82e6530f93794,invoice
ns26_931e302c8ff238f397dd973a09033693,invoice
ns26_9e080804885e46b87ebaf739ecd76811,invoice
ns26_b8e9bfcba6feb9c40ac82ba9b52cca98,invoice
ns26_7e0440fd7ca43ba33d4c854d76539580,invoice
ns26_4737207965068de8c7e1966f9ab48fe0,invoice
ns26_905ac2c8932fe87d807c8a088a4a6d84,invoice
ns26_5d9b181964a3c912654f977f1e43deb7,invoice
ns26_b4e212fe47f687d8e5a1c2ae34e514a1,invoice
ns26_2d78671132b3b056b876ce9ede510521,invoice
ns26_7bba3151cb812ead0aefbc12157b418f,invoice
ns26_85a6c5e23e200e587bdb6eca3681dec0,invoice
ns26_1e206ee93ac39e420ae0eef39b791b3f,invoice
ns26_5877e434ef239a3166949ea890d4e45e,invoice
ns26_b03224dd200c3a6daf5ce932d1fd7761,invoice
ns26_73cbd343c4a471521c20d594da1a1354,invoice
ns26_43a7c037e56836523ead80eca863ddec,invoice
ns26_8a9dc6cdd3b2c3a425efac64373092db,invoice
ns26_81c1d20218dca1006e1621c32d52d069,invoice
ns26_3d9de789686d864e42a41000866b7426,invoice
ns26_0657b5aa9c759afd43f4c35d1be69d9c,invoice
ns26_b3fdd6b9e04adf167b5b7cfdf7764dc2,invoice
ns26_fd8752969b3d31768edc383491eec537,invoice
ns26_0283ec1312f69ccbb5a3ad15ddc9de29,invoice
ns26_a59c4ad8e9650742b577930f6b8d0c7e,invoice
ns26_97a9ec11a7062bd906624c669f92b781,invoice
ns26_7b476db3ae0a1de0691ca19abff41fa3,invoice
ns26_82038ee1465f8ed0f1b41c48118637c7,invoice
ns26_8ecea755a970f049c983c2bd4909574a,invoice
ns26_18d895d8c760613766793dcb9dbb0765,invoice
ns26_004f97d7b0b6c02181697cec9f8c273b,invoice
ns26_5be46cde5c17d564c539ff9d822efed0,invoice
ns26_f048100971a2d400d352d53c2d27ea95,invoice
ns26_8da175616e2ed144948a70b1871acf4c,invoice
ns26_75cf04593237d9ca920b4806845bfabe,invoice
ns26_ac183cbb5bc9a7173230870ae288d8ea,invoice
ns26_a9179258f4998ca8afb0aa13757b1b08,invoice
ns26_a33b18dc9a285b803abd9193f3cf9d88,invoice
ns26_ba264d6b6bde2a987f904dd3e5d19509,invoice
ns26_96ef12da45e8f7f25223349d7866c626,invoice
ns26_b56d38487bc1964d9007b86e58ff1240,invoice
ns26_2133a25aeb11351c13a3de0acfe680a3,invoice
ns26_024cf23391c757010ecb235cbb441520,invoice
ns26_fe7e10aa90236d59877a591b893b6db3,invoice
ns26_80057db12ae694d84437181d70ac50c8,invoice
ns26_3a6f012f45379ecd7ea5331bda49635b,invoice
ns26_47114032c4e5a0a0b81a30135f35330a,invoice
ns26_241f7aff52c870deb37ba8856545ea66,invoice
ns26_a00bac391ff928cf3e8643e42757dbf0,invoice
ns26_c64737f1f50bb4248e6307320f271e58,invoice
ns26_988f41b9995dff95f3fa14eff2d1d498,invoice
ns26_edb0c7e9d4e3dd4b7b095bb6a43ca2e9,invoice
ns26_bf87d622a7758908e41ef067f8e63760,invoice
ns26_4a9c608872f4e583a659ec07688af33d,invoice
ns26_d398efd448fb213f9950abe155b00c5c,invoice
ns26_3965023164c9c57d718fef7f66bca4e7,invoice
ns26_a0800e83f718ad748a43f19e8fd13847,invoice
ns26_6f27f11da5418e2a58778360826e6d14,invoice
ns26_4edbfa12f1577e9155ac9c52497b1ec2,invoice
ns26_b6cabc8b01d7ff61f9402212804b0d66,invoice
ns26_31d6aec18f9b0dce3a72c30adacfddcc,invoice
ns26_0bbcbd0dd6ebd97cbe23b5c315799326,invoice
ns26_199cb2f30defa3299cefbcd3df6e9533,invoice
ns26_4fcec3cad4a47bc1875ac4191acfceee,invoice
ns26_b233b81e7f9312e55d8ae48e7b0fcea6,invoice
ns26_17acac9794bb15ee5cf66806b2848882,invoice
ns26_6dfce6873bd0c027ac350743a3ac5c4c,invoice
ns26_7c5a9384ee4a8aa42177e23090020271,invoice
ns26_1660429a58ae1012bfcbcbe058c29c92,invoice
ns26_241689c313611e6dcd0239f6d6361696,invoice
ns26_31e90c16b41a960863d35ea21bdd7002,invoice
ns26_544bbef395de854aa174007161f7b490,invoice
ns26_bdd70a5ce7775fb6e3651b18cdd1317c,invoice
ns26_3bb3f9289bf4e0b40330079dfaee2658,invoice
ns26_80ba7bda1efe5eb9b104730847be2574,invoice
ns26_9c7635750e98d2b39c09b5f0a0bc1a93,invoice
ns26_e8b0f4ac899ae9dfee43d49c3e213d67,invoice
ns26_cc2cfde0d8d3b56dbb285348bf8edaf5,invoice
ns26_4b7f595d89048f81079d7b497ad4c90a,invoice
ns26_44cb4e1a81d9ba62cf148ef186e5b336,invoice
ns26_3b0bc6e6ee69fd6c9b49cf3153c8b436,invoice
ns26_44dab7d68b131a6d08f3ae80fd97b713,invoice
ns26_3e253a92684411ed797d4112ec987b0b,invoice
ns26_ffd32b4a4efb6e8b1f9697f8fcaebcd9,invoice
ns26_6ff081dc9e4293a384165df2ad505d2c,invoice
ns26_883be065b81e5a64ec46480535aef39b,invoice
ns26_3be6e9a44ac91abca7e0bc5a43fef24e,invoice
ns26_150713edcd4e5431d33f95b80be5cb65,invoice
ns26_d0776fbbdcbd4d63f8991c54dc8d48f5,invoice
ns26_f99b5176eec2e798456043869be7244c,invoice
ns26_f6b46a2c7c8fe6bd8891774c1b697a96,invoice
ns26_99a83aada1644088893bf6627f1b181a,invoice
ns26_b50a74efacebec0368ce39f9ee471c02,invoice
ns26_5b13ed0b7723878199a247cc0f5349b0,invoice
ns26_55538b3b6697f6f46c859aff2e63c920,invoice
ns26_fb4e74a76e561c42a7d73a9b4faeabb1,invoice
ns26_feaee3dd59c6a7a1e5e55ec1ee281b0a,invoice
ns26_73b584aef51b890a003622cc34dc943b,invoice
ns26_93cbc8e7b96ed42c0a0b87a674c24818,invoice
ns26_1c5f0b6407091026e2edd6f1665edbcd,invoice
ns26_5ca150d0d840ae8e01ae8846ae74d5a0,invoice
ns26_a37b248d9fa8df2e08a0f20125d30cb5,invoice
ns26_87aeda6fd827d9f107e0f2f290a3e297,invoice
ns26_cb88d6aec85f0a4310b3ceb0fc243113,invoice
ns26_2ffb39112e74316fa337dde0042a817f,invoice
ns26_a736ed98a2bdfa0d1048742d3e05e58e,invoice
ns26_8763fa9b58de240a5afc2589c7520dae,invoice
ns26_5ab897b0ea3b884a2075c96a760ca411,invoice
ns26_42582ff0d5e9059a1edebdc7da4d2a3b,invoice
ns26_2974eaa2ea92030de86a6b4bc0afda63,invoice
ns26_21ea085d9171e74a07e6de0b01fe0d23,invoice
ns26_9e23ce96ebb2511f9e3e1e3b22d08ff4,invoice
ns26_24eafddc09e75b67c3a0760aff2a8aca,invoice
ns26_2abb7b1bbb362a0ee111c707c95b15f2,invoice
ns26_7f428d695a03653929d6498af16d41d8,invoice
ns26_83ed17729da85a1916e30de5a7d50fb5,invoice
ns26_5b7467759b49238378ae0a56a84d5aec,invoice
ns26_a25fc8b6fabd722bf32536813b7f9016,invoice
ns26_47714ac376d805781676b12d0298c66c,invoice
ns26_02587b842d1ce3134baa15624809b107,invoice
ns26_257d5b45094203561a8d2c6480385882,invoice
ns26_cf60df2d7c6b7bce91e44ee3e64bac3e,invoice
ns26_bf77487f42a30eb368f102c28f395930,invoice
ns26_c649fa19a16b8620ce74672817b9ff86,invoice
ns26_b3b90249af27588040fa66a641a02fed,invoice
ns26_c7a786888f9d7de2b6d5e31f43e36772,invoice
ns26_1aec0c829a8d0f8e70f15bbbc434f0d7,invoice
ns26_10f053d0f801e73f129dee7377a9275c,invoice
ns26_2e094724191850e2d0898b2b9bb624c1,invoice
ns26_790fd7911e5deaa673d39b8c9bd2e444,invoice
ns26_0c505de12a8bd4b14424275792089689,invoice
ns26_3b8671a91a4d8b4fde4c212a33366871,invoice
ns26_502fb413a542443f769e30aacfc31d75,invoice
ns26_78d4fe5712fa5a2562c62e09c3823204,invoice
ns26_e58fe1381e97806229897172723029b1,invoice
ns26_84d8524cc69ea5ba44863eead12c093b,invoice
ns26_40742908b96d2362206af137cab9280f,invoice
ns26_404d3506791bf60c445ecd28c26da635,invoice
ns26_82bdb07ead44107865fa4bfa9d902ec2,invoice
ns26_1e2c2c7f24a1538d9f9cc183423ca0bf,invoice
ns26_7eb2d6fe02d02d5ca6527a2a36c3cce8,invoice
ns26_5bbcf75463436f3115b379010193ef4c,invoice
ns26_5029cb5a8266f7824653e285672a31c4,invoice
ns26_885b95f91db0a27c0d09d568b179e682,invoice
ns26_c45ba8601dd4f3324b357cba3c3b7655,invoice
ns26_8a94c7d6170d841f2077bd42f8dd1122,invoice
ns26_4e6b92392cb0bceb244435188b15394f,invoice
ns26_548923cbc405995300deba8e3ee7e9c2,invoice
ns26_940a84a47b7437b1cadec451049e12a1,invoice
ns26_911c17cacae1a2d4c0708639e9034803,invoice
ns26_aa5259cfdd34172659fc9be7ec14f0fa,invoice
ns26_81718b6e6a9f6e9d6c2504fb556dfb1a,invoice
ns26_51a06dd4847711eb41ddf052e58a2811,invoice
ns26_5aa72dbdb2dfe06463839cd7a1edaea6,invoice
ns26_000db12d9d89d2f52aa14fdcff24a92d,invoice
ns26_57d9c68cb9b18e948abd4ce37128b981,invoice
ns26_f849637c07e7dee49100993520c23de0,invoice
ns26_a4d2ef2bfa8e7d589ded65a3c0e32b75,invoice
ns26_0ee1f91910bf6e8d24b3759d5771b0c7,invoice
ns26_ca8b59ede1d37b19d41b064218da7701,invoice
ns26_54f94ce214af0dfca41477c384867dd5,invoice
ns26_fdec31fd94db5cf9441bef1e84ea405b,invoice
ns26_8750df8e72355c813558c201aa2c9943,invoice
ns26_16d91e7db3394eb4ca60949610fcc12b,invoice
ns26_d90695fb8081e8dc8d20c7e8622284b7,invoice
ns26_67e04f66b9d5041493c403209bbdafad,invoice
ns26_d06f4709bb157e39802fd53ed8c9ac80,invoice
ns26_ebc9e6bc5dcbd42a676582942e1109ed,invoice
ns26_69eba41d7ade9001c9e8f194152181d7,invoice
ns26_63a335ed9bbabe9ea0202869e9a8ad4e,invoice
ns26_f43ad7e4974afb989c623a0b877f1d2a,invoice
ns26_3673364953abca7582d6542e619f5bb0,invoice
ns26_80d68b96e7ae2494939db87f85091ac5,invoice
ns26_5d15d40130f27c941ee3e636e73c7f47,invoice
ns26_a126a21066b3e97a5519bd3df148d96b,invoice
ns26_352062e9ec9548050837375816fb18ea,invoice
ns26_a20fd31ad31069ed21719a7b261a6e0f,invoice
ns26_19ff72ed3f979ae044d878df70b506b4,invoice
ns26_441b10ec22aa986a877455396a325c56,invoice
ns26_411134d9e6a9e18634a7dc3be7cfe629,invoice
ns26_9409458e618aa362b01f206440408434,invoice
ns26_fb173d1ce78fcfe5d2dcdedb124c06be,invoice
ns26_bc430718b4a3031d3ff63b291376236d,invoice
ns26_131b8b441042dab4867b3ccc236209dc,invoice
ns26_3f466e37566b29a5877c8e88959422b5,invoice
ns26_1df3f9170d1b9a97f9f11c08f37fbf31,invoice
ns26_07b1ddb45f66995ddd902b6dc061b2b8,invoice
ns26_8d7b1673bfd1311cd5de703c8d2210d6,invoice
ns26_db72d99103e74863a059921492f31b55,invoice
ns26_4ea74b2a43aa8bc41f775aeeb075f9fc,invoice
ns26_3ebe9d9024e23000a6fb5507ff9f69c2,invoice
ns26_6c03a3bb76b93c7f56aa01575e565f9c,invoice
ns26_7702e18e679172ba149866485c27ae33,invoice
ns26_40e8b21e80eaa09c39137abcd7c1fe8b,invoice
ns26_04872d542a93b9c7bbbbea2906482b88,invoice
ns26_c3724fa3255c9027bec82e7b3a72f155,invoice
ns26_34cc593e891bdb1340116b5835a673ce,invoice
ns26_9a44a61cc9c68927f49c38100b03d746,invoice
ns26_34a8a6baf08153da91645ac4cc9eb67d,invoice
ns26_5182bfdebab33a8e8a366c90c9dc606a,invoice
ns26_93f7314fbef2062ef7831d06d4791d06,invoice
ns26_d7a990732a7d20a7cce0611df87b035e,invoice
ns26_7f234ff58b59130495540541e2c438b9,invoice
ns26_b7a3ddded243aad3ba6e671b721ccb4b,invoice
ns26_5638ebd7e28b147ee6a1baf55350f5d4,invoice
ns26_b548e7bebd841f87838d13a4b9a343a9,invoice
ns26_9410c644f62e6c62fedba1550013d140,invoice
ns26_1ae419b0c6449b889236533dcfbadf51,invoice
ns26_3138d8663e99b4a0dfe75fe08b85b6f2,invoice
ns26_31d29003f42a3f0cf25c4a0467530b72,invoice
ns26_00902bcf10ed7145d0bafc3c7e619a02,invoice
ns26_6b368b903f400697431b48dd62f03ff2,invoice
ns26_33a627bf9b4d5a80e8390765066fcbad,invoice
ns26_a646b47633e49c677c2e9685520fa768,invoice
ns26_3f7ff434beb411a30670492ae48ed675,invoice
ns26_b7c7812b86f117c7a433029b0559755f,invoice
ns26_23a507188e7e486b2c740221019e5e24,invoice
ns26_f8b68a0b00a8d76dd9318329835e9a9c,invoice
ns26_9e67f2d973468843bd629b46337e1696,invoice
ns26_d63a4c58038a24640997896080799439,invoice
ns26_a467406c67c16d8dd700d5cde8d1b243,invoice
ns26_16c5c6db813e86356f10aca7f1a603f0,invoice
ns26_0f688db31e1f843a5578ec1fbb4505f4,invoice
ns26_8d5d1a149905a68e2919f5db34c792d1,invoice
ns26_df7f5efb54f961d9437bc688b0127457,invoice
ns26_90522512f8d36ee8eb9a10568ee604b4,invoice
ns26_12dabacecf2ee4547d82816633b5cd08,invoice
ns26_231e4ae2d7bc1a6e595e495bdaae6e27,invoice
ns26_ff7d1047baf0cd529ac6283c362f9d8f,invoice
ns26_d0c88f6825ef704cf6b62c8b06e229b8,invoice
ns26_637d0485e9395c9246674942e2dc58e0,invoice
ns26_97522805d979949caf99c59766413a4f,invoice
ns26_b087cb8437075c51117655c3cde49b06,invoice
ns26_352a8eb16203cfcdad197b04aef60c7d,invoice
ns26_4d5d17924bbbc8707b97f123d5a843b1,invoice
ns26_33ac0cfde3d77caa1e20abac5cba3f11,invoice
ns26_99a170c1970b1ab9c53e68c49acf0968,invoice
ns26_85bcf77474801f3e9005f9dabb66d5ca,invoice
ns26_d1bc67cec1bd3827569bb1937be18981,invoice
ns26_218ca223bd94ec56d659e29a25f5a27a,invoice
ns26_c2354cd88faa9e5e6fee0eb977b00875,invoice
ns26_151fe232cad322a6b2ec65ba72dc8722,invoice
ns26_7849c35c2390a79cd4278110d9ac2a00,invoice
ns26_99c8ed2d0277672b9cf80764ceb9dfde,invoice
ns26_9517da939fa17da0f3c993b9aef3baad,invoice
ns26_6c3381269aff470e12ecc42978c63323,invoice
ns26_3627ad591d8944704b3cc41fcb08bce6,invoice
ns26_bcfe951ac07ac89ee32c465e4433c515,invoice
ns26_683b4a1c909a913907bccb580651f7f8,invoice
ns26_a81a15c6b4fca8c6b81e88982f4c8474,invoice
ns26_e2f748ddb44d90fbc62f6f725499d122,invoice
ns26_750a877b10696cb5c3294d103a1d5e8b,invoice
ns26_2a1c060f033fb2f7ec4752f96a55dd73,invoice
ns26_bb97a37fbb8b423846d704d88c8b674a,invoice
ns26_964c3bcf966243e0c3fa56cd82ca040d,invoice
ns26_885c676e214808ed76e7d59db0b6c288,invoice
ns26_e17b05b8471d1df00bb40378a444aa99,invoice
ns26_9fdb495c1748a29e67fee9b2832c54e0,invoice
ns26_d92b122068aebfd23e69a23ae8bbf6b8,invoice
ns26_40c9d4cd5646639f4b9ec10ffcb416a9,invoice
ns26_fec49c524309e01152ccbda901771dd0,invoice
ns26_f28c5fa7c4ba62b3daae229b2573b15a,invoice
ns26_2ecb1b4a8690d19b13d9c51ea9394090,invoice
ns26_92c0732962f04770dcbe6c0053791110,invoice
ns26_a37253a5151b39f7f8358fa3c6f6c7cb,invoice
ns26_ebd0f77e36ffd1b7252128a89dd1650b,invoice
ns26_289554e647efa79976a8a8172da6f1c5,invoice
ns26_fec90c885f1f14c6b9c74e524b78e0ec,invoice
ns26_86716cb76cda81dbb04868fed78586e5,invoice
ns26_f736f394420e72ed6a6a40fb83f0d730,invoice
ns26_14be195bd728c1d99f82bee40c9d8dc6,invoice
ns26_fd95a86196dbfd607f86332faed99ca4,invoice
ns26_74e4aa15e7bceda89afae3df1700566d,invoice
ns26_6af9c0ccf8634e796dce9c4692383975,invoice
ns26_cd17c6a1d86f3110d2084c79fb224ad4,invoice
ns26_998a091485db426720273870de92ce85,invoice
ns26_432e76a345e05cc89e38cf44a176e650,invoice
ns26_9a7034d3c7c91bb3c25678ab4510c53d,invoice
ns26_dd23cece8d1bf314b1847e4903762255,invoice
ns26_736613e6201c42d3b835b2b66e51691a,invoice
ns26_eeee67977ebc52eff037de24bd1ac2b8,invoice
ns26_47cf4061af06e23757cfdda818a8918a,invoice
ns26_c368f56fe96d4ff9bfaf1217b014ec8b,invoice
ns26_561924f1e9c28d37e260f6a44c1fca88,invoice
ns26_b9993c397dfb8958e91a886cbd33e21b,invoice
ns26_9bcd14521a220b1a871c9a73691698f5,invoice
ns26_b10ffb2b315af49fb6ad4326ec753e50,invoice
ns26_ef210867d91ff36605d5ae585df645b9,invoice
ns26_d4911d10d5a7c695fa2f59d2ff3d27db,invoice
ns26_88ca937de60083423e05f43b51617b5b,invoice
ns26_023bf8d2ac2b3f5de67eed9f36127b96,invoice
ns26_5d4d071e3b8e0f85fc90445a1beddc07,invoice
ns26_34a409232ed01e70b3ccac1fde5f83c8,invoice
ns26_5d26f35205f5c4044cfcd9bb9e55c939,invoice
ns26_20f3c55696fcf435d4e305da8b75b34f,invoice
ns26_d9ded57a51bf3f80e592cdbf1b8ecc79,invoice
ns26_834695553ce01753e675f512e09bddf5,invoice
ns26_d715581495284c216b0f9e5c9455a375,invoice
ns26_29b5bef6719a426061d210b49e752586,invoice
ns26_140b7da481fab406ed26bdc1aeb7d933,invoice
ns26_44859095d1912690f4f2a275497a2738,invoice
ns26_82890176e6885226ddc251b12ee01c45,invoice
ns26_f409d5dfd06107deee53888039dab113,invoice
ns26_439126ac3de5c38eb3f69d1234164ec0,invoice
ns26_b92ec0c5b187f96a192f3ed6a13a2b54,invoice
ns26_0ad60df70280ba84f92817e4618a293c,invoice
ns26_9747b2b2ea23439c51d5a5439e370fbd,invoice
ns26_a3389443ff9da5a0739c1c0b629abe23,invoice
ns26_2bbdc4a5f18e91f59dd47e881c603bc6,invoice
ns26_1e30743325a7e5d0960fa7abcb9fb3d4,invoice
ns26_358ba3227b6d14d719718f00e5714efb,invoice
ns26_eb53bf7528803c437b105856132d98d0,invoice
ns26_9a36c890bb1813283d5260f95ba87c59,invoice
ns26_e8a332441fb82a1477a6c60aa3f36e42,invoice
ns26_c1288b0f1c6e6b001e128e4f807ff8c3,invoice
ns26_dc20bc8b6bc483ada80874a7a80b7116,invoice
ns26_d4940b4df0fd8a837914fbbe979ee607,invoice
ns26_718fe073a2a61866ec1efbcc063838bf,invoice
ns26_f98bc674594839259d74f6f91fb1a80d,invoice
ns26_8d1ae592e814de855d396cec44abfc45,invoice
ns26_c5d8df7e3cc459a44998d7d7df83e60a,invoice
ns26_eb16d1a4a727bd0d8d4e7b70ac8a1483,invoice
ns26_d270c97830aac6c6c28fcef0f803a366,invoice
ns26_c43652bf2469a93f6af820c3997e2def,invoice
ns26_1594d085b81b28a29b0f3e5de8942e30,invoice
ns26_00a888f877c1507a20d80d707703b8af,invoice
ns26_a3d0b05d0ca734e260254f18441739d1,invoice
ns26_4597e95eaef51b76fa95bd7cf7a86d73,invoice
ns26_7b5651232f1529fd7b36a6ba4c86381c,invoice
ns26_0d728d85c8fa4688117f0692a838d4f9,invoice
ns26_dd2b530817ca7863b5e3cb15e12f40d9,invoice
ns26_b1724cfe78e78e705843d147bb0edb78,invoice
ns26_686873fd873f0168d0019310b6e50097,invoice
ns26_a1563338da6551bffe889fc17e0224b8,invoice
ns26_84a178590c3ea2725c5de9af674843a6,invoice
ns26_ce1bff171d030f4d48132605cd169b8b,invoice
ns26_8751e6d2e8ed7b5e908af51845b54c0b,invoice
ns26_5a57de95aebfbb515e6b2ce58054b213,invoice
ns26_ba5b996cfde94b2e1f6bf051390f38b6,invoice
ns26_cff960f6f12cf90f8f80b24eb6065fbb,invoice
ns26_a26f937566802f6988b1c93b092a307f,invoice
ns26_398b64f19d9d3ae4721e9125a77b776c,invoice
ns26_64177b08b2dde50c944e5294ea1cc417,invoice
ns26_d691e214ee9fa6b9d81dd35f4b703251,invoice
ns26_f6d14b5fd9cedf0833a83336fa9c7495,invoice
ns26_b1a11fa756a354533935e2fa8c7b49e2,invoice
ns26_2835d035c29875f5dcf87e7c0867eae4,invoice
ns26_68d226eb21f98ffb12004a94f2060799,invoice
ns26_bb785a8d82f7ab2428a65e5bcefc3646,invoice
ns26_a717e38258d9768dbeec3872fa882de2,invoice
ns26_1f0f3a8c37c3b2295d497b0a5cfea60f,invoice
ns26_d49a9ba2be32713e6fc065d260393731,invoice
ns26_ceab9de845208d479b4e7ca240861f1e,invoice
ns26_4e6da9411bdd3328391bdebfad277491,invoice
ns26_a380f5b141fc836dbb0c908f7976c9a3,invoice
ns26_eba8d65b681ab6f70cedc014b8ee6306,invoice
ns26_8e2d97626e59a35778e6d1df421a9d3a,invoice
ns26_653c234fcb3c999e0c4951b51b0518be,invoice
ns26_d4229263fa9e23d4216bbe183c2520a1,invoice
ns26_2755890c888afb3bf39e15ba7ee521e4,invoice
ns26_8a2345e45fd150b1790becab5cd17a08,invoice
ns26_deeac0ada0d21155042f4e6b94b2dbc5,invoice
ns26_08d0fe6d2d4dc92132ec0cc559266f1e,invoice
ns26_c66e236335c676730e246317dc3ebeee,invoice
ns26_2b6b1d7aa885d4f49019200541764643,invoice
ns26_84d34d520fe55cd8ece1a01f85239f98,invoice
ns26_8440f1848df5e6b9c50ef4f21c7a9e59,invoice
ns26_d8f6218604d6de42a87348dd71f1e322,invoice
ns26_c7e1ebe61086933c31fc85d13955ff7b,invoice
ns26_131e9d56a2e5d4b8d761ba3783e67240,invoice
ns26_22d01b9e3be22c251a817bc4b2c84176,invoice
ns26_e39ae488be93e0f72b82338b0a871df0,invoice
ns26_4fb3573bff050c8372b7c7d6e5bbd615,invoice
ns26_d418e97fafb5f78ca89b11512a099169,invoice
ns26_45bd84e4d823f1c03b9b302de49369cd,invoice
ns26_b8fb1e0bc0c385f45c2eb774377068d6,invoice
ns26_6fde2ad1acb3dd571c24bbdd3fd55a89,invoice
ns26_67c36621ac41d388586e955bc96ca567,invoice
ns26_bdf27b713d5fdf0c8b7974912c87c3a1,invoice
ns26_a30d83ba1756c6673759702f0fc2dc05,invoice
ns26_f49fec0f7b87fc0040ff5d5f2f3a117d,invoice
ns26_c4c6600ad5e0dfb63ec1c0ad246029fc,invoice
ns26_48b9f4c0c0a63f057990e3e624ddf6ce,invoice
ns26_4db20fa557e0c068785cf094f235f14c,invoice
ns26_2163bb16e1feae6e9da1f2f0604a2392,invoice
ns26_5dc2beb20448dbc351696581aeb5440d,invoice
ns26_7c1eaed32deea1371b633434780cb86b,invoice
ns26_1d2bbbfbd967f60a8ed005e6800a647b,invoice
ns26_01df6f383ecb0436a228fffbe8d1b4f3,invoice
ns26_5f7a41b0987f75562f65fcca4e8833ab,invoice
ns26_d856dc66f3470760159215a37889f695,invoice
ns26_fb0e80cba55935941fffe2d5388f3444,invoice
ns26_4aef9d469ebc05d168080e5292f3a57b,invoice
ns26_5808b6ac7b27454dec95c9fa29e6bcb1,invoice
ns26_b7ba4629f1ba6f8732381e1c2bfe26ba,invoice
ns26_7a6f089e42c64d3a97f281d72b1c7ca6,invoice
ns26_ae3f13c86a43ad7427bb09655a564728,invoice
ns26_b5dffdf509a11cd40a0341845215c909,invoice
ns26_cb330ae96a03982d97fa54c4ae8017cd,invoice
ns26_70781ad5ff5742036504dc9076f4ea3a,invoice
ns26_2d44d04c68206e8e8ccb55b8f97d4144,invoice
ns26_0a08620efe5b326db087a112b4062184,invoice
ns26_d38ddbadffc7e99e96983a32be6c2050,invoice
ns26_844930e4102076a2529e38c915989b7e,invoice
ns26_16c527a858b8003afb3f067f1e52dbfe,invoice
ns26_73e5aec188d2ccbaaa3055b6e9e1843c,invoice
ns26_8cecccc53e904a125f37b1cc933a1365,invoice
ns26_ef338f9e35e13b3528d52ffea110d75b,invoice
ns26_aa022d838a2cd2b21b50b84f8b8878f3,invoice
ns26_60df9f60b57b44aab4a5349cc0473975,invoice
ns26_4f38fe89c12429524fd49214d2cee434,invoice
ns26_30858fe0246a2646092c7e623a6a37f1,invoice
ns26_1fc7d0fb0a4d3a7493ae38efa368c7c7,invoice
ns26_f991fa169fc1dda3948452bc832b115a,invoice
ns26_852b8c20c65584aac85382238fef1481,invoice
ns26_78c899ac151d40c018ba9b2417b9004a,invoice
ns26_4c13c82ca43798c6136ff67e215298c1,invoice
ns26_881da986507f4c986c3d69cd570b57c6,invoice
ns26_65d1c2ed8113ea2357dad3f704cefcca,invoice
ns26_eb80e7b0db03b3e22a27e12cbdb0c6cc,invoice
ns26_f78e5d5192413e128d536e2bcf89cf6e,invoice
ns26_b89f617e20a5a660d28065cb0f4201f4,invoice
ns26_b977239eee5cc84fa218b85d9ec02ce4,invoice
ns26_e2d82eb38572f0a477bf1969a0b603ea,invoice
ns26_df6432285ed934e467c68329063864dc,invoice
ns26_410591ebe472ec3ca44bf62d1c32c155,invoice
ns26_59036a829ee7123ca3c107e6686f31a3,invoice
ns26_72dd85ea53fd55788eb5f4c29b4c5c77,invoice
ns26_0e0e2c79b3cdb4da531364f729766480,invoice
ns26_e843acf0754dc513229f130c93faaca1,invoice
ns26_0d897af5b3fb401124b86318c83b0940,invoice
ns26_0f22c121aec8eca45676443d609b3706,invoice
ns26_4a02e1dfd5d38a5fa381532cc1070960,invoice
ns26_b4aa44cabd9f7de42b520fa3e029a4e7,invoice
ns26_4cf7ea6685bc90a4bc6df3fb40ba62f1,invoice
ns26_f38a327d342d724c1380fd07b55265ea,invoice
ns26_2eb12c011003144f6a46dc5890c9ccb1,invoice
ns26_e3076f97e7bff721b9a297fc2422d620,invoice
ns26_c41d452e97823aa4db3258793fc39b9b,invoice
ns26_ed642eae494d9ce9f6728a5b290e8da1,invoice
ns26_f9ba7a4c3ba74dacf8f536718d788c68,invoice
ns26_0bc3a8cd8fda243a5204e8da2eebfe89,invoice
ns26_7ca1ed9a418649bb55cca455b33fa7d7,invoice
ns26_daf48c02ae9ecd14d4dff5b8c1d34fad,invoice
ns26_6e7d26203fdd5d4ad5ddf4a7be7e86db,invoice
ns26_205129cd40ded574cde12bc53f2f1e02,invoice
ns26_55e2923a3ddfe91521e392560e3221ca,invoice
ns26_6134d9cec9833345237ee190e12f83ce,invoice
ns26_f6e74f2fd3bdc87e2b9c94f44f202a6b,invoice
ns26_6b1bd9b364dc4c1b839b406ae12c2210,invoice
ns26_16851fcfda90c9cf344abce98b6622cb,invoice
ns26_223dfebae3d821f9412967592008b017,invoice
ns26_ca9c4f8403a9963e3e78db0feb818737,invoice
ns26_41446d685bae916e56c0248346e6e54c,invoice
ns26_97ae51f51a9042269b83bba3d8c77d77,invoice
ns26_18ff213c38fa7c913a5fcb974ce45050,invoice
ns26_218f70bf1e4a689b52956c613e7e6d84,invoice
ns26_d1ccef2613a87f23e2555c9ef4db602f,invoice
ns26_26569fb5d5552ce84636d13e035e7455,invoice
ns26_d51229642fce87ce72e6ae6aca308ad0,invoice
ns26_2d6da3cdcfe0b4e0496d71689c192fb8,invoice
ns26_2f0cb48c61bbdd1fa99a51df771269c4,invoice
ns26_acaf6a67b5b180650c09e9789d74de01,invoice
ns26_faab09fcbdc8a65be4ebf77892c66250,invoice
ns26_6d3b3dbd2ec4780081b1cb8ea69a6459,invoice
ns26_444ca0cdcca886151db99f79985c5c39,invoice
ns26_83ad02a9d7f968c2b72fab63d3a51cec,invoice
ns26_1b32f84148dc11732ac57b43a7e2c34c,invoice
ns26_4047e07d1e551516f2c0078138b9e41c,invoice
ns26_c563e9aa3f4b95be7cabd942150633ef,invoice
ns26_3c4db07cd4d52e4f32ea639f8a364a59,invoice
ns26_f4aeeda9ff92bf6f672f85a213f72968,invoice
ns26_5478a4e49243e42f60a353987169f79b,invoice
ns26_a6e887bed5236029acefd287e65503e2,invoice
ns26_b2522baeec5a86274ad10d2d24981bc1,invoice
ns26_18798ccd706f4460495550908bda639f,invoice
ns26_d2d7bacb1bf08ca14f3989e310051e39,invoice
ns26_63c1ccf042bb5398d491c190775c9cbb,invoice
ns26_b49a9e433a9d3b41c7e2b96a4464519e,invoice
ns26_0c7fbe7cb20239f3e1efaab74ed56e45,invoice
ns26_41d4d6aadae62c7f94a62c16bf629c76,invoice
ns26_94d0f1f815a530e18cb0465cfbdaaa37,invoice
ns26_03b84c462d55f6e65e5d769d3b9aa7e5,invoice
ns26_c97b2e5ef43933dc5e2ccce110c89452,invoice
ns26_f1a9129243ef0416f49d163efc015d65,invoice
ns26_36af468a0a1aecbb5e7d79856a3f8071,invoice
ns26_33c22d143d1242b20e1b907e53bc43b5,invoice
ns26_29431d6fd886c22c73fd623d2297056c,invoice
ns26_43b94a90608389d25bfc575ca7aa3873,invoice
ns26_fcd85e74b7329a3011078ea37e147530,invoice
ns26_31da304a501a9113c5cd7ba40b553f9c,invoice
ns26_6fba99ad16498efe937a7a19e2260424,invoice
ns26_c8d4d577b2cacb34c1c05d4e4d038322,invoice
ns26_846cf847ca1a9525caff2b830a3f908c,invoice
ns26_4186b95a3e5329f189f4d272662150d2,invoice
ns26_c71e3d7d71cd1c7442bc43c17fe4b496,invoice
ns26_deb9c7ff6c5d1e0e09bd91f2c8aa464b,invoice
ns26_3f140c62a674eacdd3845f09531bb713,invoice
ns26_f3e14a4693685adf1af947b7e7a54326,invoice
ns26_fa2bf6857e0a885def98925baea56e42,invoice
ns26_9a534087e84cccb2edd6f69d77c60d03,invoice
ns26_df05f1365584f5cc8b7763c782998e2a,invoice
ns26_28404d26121c00a0d24dfff64781ed98,invoice
ns26_1a1b5454fabc0fdf6061e59d060145d3,invoice
ns26_514470551704da802744b8d06e949196,invoice
ns26_37ce93573d89b37e4ac1a3008b7d418c,invoice
ns26_eed8f0180c695cea9a0119e35704ad9d,invoice
ns26_92c92d27834e92000552a9bf728f6d7d,invoice
ns26_1febfab4b5d2db0479c4fa10daa4465b,invoice
ns26_532dc9a702c361e137a465720f5cad0c,invoice
ns26_1b764b1c35548ce83eb49755098847b8,invoice
ns26_d91242dc52433d4a81d4e0cb6011ce82,invoice
ns26_2350ea1def1ff38fd80668d5c8fa7b0b,invoice
ns26_6bbe526452d1be32cfbd9de89695b159,invoice
ns26_616a062a44a52934ecd6c97d74894086,invoice
ns26_c5bcf3cae440df1b11c0dcc5a79a87b9,invoice
ns26_6fa12f0b9e8e54f590bd509ac86c6b3a,invoice
ns26_b92ecb6e59f1d5229edce2a226f85ee1,invoice
ns26_d5ee67cdb2ecd7ac47b8b56c42d74b68,invoice
ns26_c1c1594eb594e2adbb82cd8e130de0ff,invoice
ns26_927efad7d488e7877eb750946c8d8ecc,invoice
ns26_a4d49ce0ba09b460a0531f60987defef,invoice
ns26_6b4756383ae2b6dc7b554a6dbec8479f,invoice
ns26_77fcb6819b64e1d1993e6ebaad70c769,invoice
ns26_8bbc7ea6850162886f6717fc35ffe703,invoice
ns26_919aa1cdcf412aae0bbf325bf6c8fa1a,invoice
ns26_7ef72c09845bcf9363a9043e9f32d503,invoice
ns26_6dbcc02670c4d70c3a4c2522863077e2,invoice
ns26_3071efe3f50b6cead9c7b4dc830503e3,invoice
ns26_fa255d24b823c70469c60d271db6d62a,invoice
ns26_57c7335f5ab912b0893d026e117a576b,invoice
ns26_445cdd90a4d6d9b65bdd673aca8b5b9e,invoice
ns26_c6d10e90e8ffbfb2cc5ec39ec5ec5fa3,invoice
ns26_6e2800116d7adf3e40a4d29f24da141f,invoice
ns26_0d4c607abe13daab370d3374301298c8,invoice
ns26_4ac41e4ec400e0bc39fa915ba14bf6c7,invoice
ns26_9479f33de1bec678abd65762bf86e4c1,invoice
ns26_91969c63b48d34caed1c080c1d461d70,invoice
ns26_9c9d5fea23bd8247f30c36848995937b,invoice
ns26_701f3d4f183a375be0cca68b84f6e991,invoice
ns26_8d56fdb00c9f531723db813d0d9b9b87,invoice
ns26_21942d8e55fb925e54ca414043222e06,invoice
ns26_ea11834707a4224562cfd99b30a372c9,invoice
ns26_ddb21e233e7240d7bdd61df98fb7e417,invoice
ns26_ad76d250d0d40874d1f8a2c9e59a6a83,invoice
ns26_a279504f50d20e1d79464916a2ae9623,invoice
ns26_b98afc6c95c7b84510997cddc922e1a6,invoice
ns26_bffa986ec107d99f5529f1f03e51ebc4,invoice
ns26_dc9cf1bc8bab5aaee40a4f5208debada,invoice
ns26_fe4d5365a8d5c251af66e5462b688f42,invoice
ns26_c7e06d90e471cfb9a12f255cbbe46269,invoice
ns26_05d2e9a0a5f394e840f0b28be2279fab,invoice
ns26_a74759c8440e23379509c408188705db,invoice
ns26_94953846c47e7cb0ae87ea67b3473994,invoice
ns26_edffd02fdc4e19e48b8dfde87ecb12bd,invoice
ns26_5e097a59b48a9c449a3414386c521a61,invoice
ns26_08599121a9f495882c29731dbf2a7540,invoice
ns26_905a7ba630fae407b3e075a651391550,invoice
ns26_ac4515c40b4cf79a5512b56554a873c7,invoice
ns26_9d1d9bace95cebc42b5ad58e257687b5,invoice
ns26_3bebb845e65c1e73a103102ebdec6ab8,invoice
ns26_47aaebd92dd72048e5a593a37398eec2,invoice
ns26_8f20e8503adccbde224a2befb1c82c48,invoice
ns26_2b57ea3af565d5c1712ffa9e402aeaa5,invoice
ns26_e6590b3b57235c69d17f34a2e15f890b,invoice
ns26_21e530f16b12e352b69727ec1e70fcc7,invoice
ns26_6e65fc93b5461678bc3f5cd72e8463ab,invoice
ns26_c28bca787e78e90426f0c9e0f99a6994,invoice
ns26_bca0487e5b2b9244eb28f17c2bf4873d,invoice
ns26_57cc400ae7b1cacd57eba97e9f05f09d,invoice
ns26_f78d5b4ac889308b918dc87bcc692191,invoice
ns26_e5fe76fb719c1511ec940d3f895565d2,invoice
ns26_6b98e7c37867acb850e7e302460ddd47,invoice
ns26_b9abb99577de4af1ab85231b0513753d,invoice
ns26_cbc77f327af9b89285a70c64d27be9fc,invoice
ns26_344eb09a940cd56289795dfba60642fc,invoice
ns26_7c6bebf0b18df5ded6caabf028d2f57f,invoice
ns26_97e18faaa24514ccf81231d6d6450738,invoice
ns26_1d91fba57ae70cd095f42aa7f749b971,invoice
ns26_37f869dfbfef4aced7716aa096c41fa1,invoice
ns26_50c3926ccfc8bfa152a1da44397815af,invoice
ns26_53697b3476dd8b29048b04f7d4da657c,invoice
ns26_86019696af9dffed17d131fe9036f701,invoice
ns26_f510e43c2232ffbfd7d806182f92b3cf,invoice
ns26_bdbccc3df00f1a3d88f3197b787ef287,invoice
ns26_aac6aaf7d7091e4c5314874a5ab1f6fb,invoice
ns26_900c41b71e37bc6dfb578ba561d322c9,invoice
ns26_4a22ab2fdc6c89b2a11b05fc5affeaeb,invoice
ns26_44ab57e55d55e0787c015c1c95e0f5af,invoice
ns26_9cac0bd087300a07762692be919d5329,invoice
ns26_186fe123865a4eadf461cf275f487128,invoice
ns26_63e7103f01b66dfd4a5950cbc430af45,invoice
ns26_24782eb6df08403ae1b6a31aeae90fbc,invoice
ns26_e377a9c7bee0886390f2792ab4ba7f50,invoice
ns26_23e0a90a254261f25711ff18f429a2ec,invoice
ns26_8274b9872cfc12cb7f7709aea7266728,invoice
ns26_a4886f6c96f46c001aeef7577c6eb027,invoice
ns26_c78691f0cc9d6b6b31d569d606b55c6e,invoice
ns26_b2ed255d7ff803c0ae7fbca13280c3d1,invoice
ns26_63a37fb0e90b8d864937317b9852c76e,invoice
ns26_e1d9dd121e03d7990c2d2f66a608fda7,invoice
ns26_7567c303bbe77976667262ccdc6b3d89,invoice
ns26_a7a80d23d9aedb1f1ca69bb1372ca10a,invoice
ns26_d9bd28816766767ee1b0ee23aa34d7e4,invoice
ns26_d66a35f35972ce4eab9c16654505da9a,invoice
ns26_ff3e361572fce2ae2fafbf677a7b7358,invoice
ns26_b3fc143d1b634cf2de5327da6e9c9d3e,invoice
ns26_689700b5a0016405de4b8450a3a98069,invoice
ns26_86338ae55a3a8ade70b1e21e8077bfcc,invoice
ns26_f6fda5d808be630972c63a701eea456a,invoice
ns26_44e208f975b2b492485f45d94dc587b8,invoice
ns26_f7e8f56085bbe66e10554a6d730d9832,invoice
ns26_fc3cf9e769ecf7e7657b14c3ff2bbd69,invoice
ns26_012f2e0a3915a1931cb00a64e8d22e0f,invoice
ns26_89b40a91439f4444f179474d8e03382f,invoice
ns26_b4d6d162475b6ca1ae06ea000de1df98,invoice
ns26_a45faaa8c5e07d4c65e4759bd88c5a84,invoice
ns26_b116d0d675edea148bb190b1de8231d2,invoice
ns26_68b3eea9220b51518546a43d2c5c7506,invoice
ns26_90da1f552d549c692498d80d5e342fb5,invoice
ns26_da8b4811706b1f272f1aee74a3659adb,invoice
ns26_faf421182f7f1ba29e35e023cae62082,invoice
ns26_501f837a4d9fe71a3a3d9bfcb63a9f05,invoice
ns26_3f3069d2b1756e2ec6a19be5468b84a7,invoice
ns26_9bb75efd48784ba029da8351a10650f2,invoice
ns26_ca1036f03bbf04ab4a04602370bb84e9,invoice
ns26_4a3c87e92fb77c2cd2a7e4a459ad4118,invoice
ns26_b454fb21c9b10a8528c249b455e7d805,invoice
ns26_6d1af316e9b86cab9d70e965184563ea,invoice
ns26_addff32c451d82a7ca345801a1bcac9d,invoice
ns26_a3d48929e79e9bf52fec098dec5e43bc,invoice
ns26_038c0760d809dadcb0e5ef7d971b6c7b,invoice
ns26_cc029af9f0623ec83333743e9be2d4f6,invoice
ns26_d1bed83b24cd1a2a0629ee48d0e77608,invoice
ns26_7fee19ce0c1b5db9915b478257de5983,invoice
ns26_22f4d9e98235f41c3d8399474dedb81f,invoice
ns26_5db31c32dc17061bac643eb013451982,invoice
ns26_35d47b50951e90301bc29d0d964e1ff8,invoice
ns26_0b141c2e7235a7dc27a2b9a0d64f1c44,invoice
ns26_82b7b122e558398a655cf1c0203c2e96,invoice
ns26_29d12ac85acc13320df2d6a423b2ad95,invoice
ns26_7dc7c7f3de9a14a72fee1bea0c85c6b9,invoice
ns26_bfdb1c04659c844e80d9bb23c3f46696,invoice
ns26_54bce9a5b03db5be1275fec23aa6de7e,invoice
ns26_0dec9d06cff65cf1b56eb463333450ef,invoice
ns26_2746a3ded9bbddf2ecfe2e57c905f5ae,invoice
ns26_bfa6b51040934e193dd9f28251701509,invoice
ns26_9f985066b54ab7dedcdbdfb38975de4f,invoice
ns26_80d1adf29993b78fd27b9da62a5aa885,invoice
ns26_20ff38a0a55ab991e362aaaf1c36d1c8,invoice
ns26_af249f46d91b86213ebd1c5ebb528468,invoice
ns26_07595eaf27c74f765303b5a603509f13,invoice
ns26_3c1871ffbe23d932e80161468ba5b3e5,invoice
ns26_6cc68ccb5fa505f1e5eb9f778c4cf201,invoice
ns26_6ba3de647e94bdb408e6c752f973ad89,invoice
ns26_d495483e1d2454ffaf2ff806be427100,invoice
ns26_f90b457c07f32671faa154d53249a2d4,invoice
ns26_801611f0890109e259c5a00b217a302e,invoice
ns26_5a00bf75756a1952a7355b78e160986a,invoice
ns26_347edae485acec1534c159c6e295d564,invoice
ns26_fa7e9801491c7cb4579af7c63778b946,invoice
ns26_d1cdb6813b7809eb9001f8167add0840,invoice
ns26_d8ae64d061e5dc7ffd4dffbc7b92b26e,invoice
ns26_9e73196296baada9b85c19d44783a367,invoice
ns26_e24ff7747b2c7833012b45a6674fdb6a,invoice
ns26_e55759a2e3a5a852e9dc5345801535f8,invoice
ns26_6f3b7477c75ac633c531e053c9fa9df7,invoice
ns26_93cc6bdcb196d05a8cc56e2052d8fc97,invoice
ns26_8083e0207a1f94770961ba3cb43cb906,invoice
ns26_d6747ac7606378b2a6da392c606437be,invoice
ns26_ff1cc01ff5f779efca3cf2ae5102282d,invoice
ns26_be5e919e1910800b7966f3349069516f,invoice
ns26_a7918770ebe2921e825aa30e2d0a0f35,invoice
ns26_b6c4d3574f0f3866fc3af635284423dd,invoice
ns26_51bef12b2dad76732811df2eba182590,invoice
ns26_6a0c518ad1b2673b0f5f6ee61011c87d,invoice
ns26_03fd576224f4d0cf28edbec7e988fb4d,invoice
ns26_9bde82a6897da7e579e6a56b78ad348e,invoice
ns26_76013973e4c8c17f5eb13add7f8801e6,invoice
ns26_1573f1e1d94e35bbb0b5be031b80eb97,invoice
ns26_6115a711b814e2b4f5d0559db721b0d2,invoice
ns26_8c6867fd5b2b6f7677b386497ca8228d,invoice
ns26_31e0dcb1585d332fce7aa013eda3c4e5,invoice
ns26_25a48bfa4fd767325f965e36dbc7dc78,invoice
ns26_b28e4773fc5a835734881ac5933de19f,invoice
ns26_db0ef1972d71a5584ebbd87dc87970fc,invoice
ns26_8090f3445a878a9ea29fe9e3c61a9757,invoice
ns26_50e218081062c7a5e6cfd0147e63613f,invoice
ns26_d473c0bffa55071fe844c2e034f7ed0f,invoice
ns26_fb12d8558e026877e821948a16033a33,invoice
ns26_a8ab9528acf6176a44ca303b24bb587b,invoice
ns26_75774a00c403f2e7a594ae14aeb8dd5b,invoice
ns26_285fdcc5b37a8f1421ee2bac70250837,invoice
ns26_8ac15c34789833ec7b488f2687f14ebd,invoice
ns26_93c07c8286ecd3b9cb4f761841100901,invoice
ns26_4958236fb9e6418945ef27b38e2ffc75,invoice
ns26_7698434e9e790f3a4f3832d0007ff12f,invoice
ns26_aeeb11a901908975b701db90a1372aa8,invoice
ns26_09976710109d1bd480e652d5ebe44bdb,invoice
ns26_95f705b8b532966218c9053de45bfa78,invoice
ns26_38c3525813d031c76570c88a1a992b29,invoice
ns26_6f556fb56e6b29f9bf3668792b609dee,invoice
ns26_d5239ec4265593784413ce8dd83e5d21,invoice
ns26_832f8661033565017829f5f658d75850,invoice
ns26_02adde0f95887675f6184310fee7cd9f,invoice
ns26_a8088232a1f18393fd0ed6fe9276abbd,invoice
ns26_4c731249ed468b44117cfc3fd296add9,invoice
ns26_359148e0ee62a05eea3161fab5294b4b,invoice
ns26_2a690fda97663a92063c6b9899dce80d,invoice
ns26_96eeb4f8e7404cb1342a198d4c03263d,invoice
ns26_3411d7273062e80a933854f75f05fef2,invoice
ns26_9992ede0556c22aa7672284c1a0141c4,invoice
ns26_35cc354041b5c2150a7721409dad100f,invoice
ns26_8b14cae5cdeddfd16a1cf4e3a7d21e24,invoice
ns26_1fe7e1a947c7a00b6a9df5f070bfc7bb,invoice
ns26_f206707663b22bb1f2131f85bdb69c9c,invoice
ns26_f7984c36af59199e653b597a73004182,invoice
ns26_fa53994330c5c371c44d10a9f28406a2,invoice
ns26_8e3bfb6b0bffabb4891c37addd8c71ce,invoice
ns26_91b084551a352a8e7b1e89986f4207dd,invoice
ns26_a807f05287ce32b356120c41ed5d0778,invoice
ns26_f08522f2ac8252ef097230198d0f90a5,invoice
ns26_3e3aec26a01a4237e51a2a41884cc754,invoice
ns26_f8e01f11856d28c570d867a86061b960,invoice
ns26_a285055cf2adb7bccfd838bf76fc9ea8,invoice
ns26_d6aa3716bc838ac701756aa4b49b3641,invoice
ns26_2a4999ca93ba8d9755881d92461693ec,invoice
ns26_af7f6f4fa7f7bb7796acf2df0106301f,invoice
ns26_c850b93e0b74eaaf77ef8500a0cee705,invoice
ns26_aa6b420dd591eb5ff1eeff548262548f,invoice
ns26_843ef6a7dfc085621f6d3a6c0edca3a4,invoice
ns26_51372a1ccaf30bbba7a3ea077480ff39,invoice
ns26_e1f68a208e78e547bd3211b066c1f616,invoice
ns26_56e47a1faed6469a6e20301ee295b96a,invoice
ns26_95bc080f9683b8f94de060c30b89bfd8,invoice
ns26_f906cce9b67242c4c73091209b82ba4f,invoice
ns26_3f55834f9b96d8329f9c5e06b73169b9,invoice
ns26_a6a42f0e6804eba908006218b51f39f8,invoice
ns26_6ad92aacb02d2dfd6bb647200a412d03,invoice
ns26_4a6bc56af07206430e65f2b3c0659457,invoice
ns26_0e10dea2de175fc541b054ca31c3a265,invoice
ns26_25fb8fcb5f30747f9a3509b524066eba,invoice
ns26_2e2ed4e6571e67cbb7c688ae07ba703c,invoice
ns26_2da06ced43eb56d1375b8afdc37b4063,invoice
ns26_2e7999714806c21cdd37250201ecd0a5,invoice
ns26_50a914b75fa43d939130040bbbc185cc,invoice
ns26_f658719f2605d7d6e0618afd75af71d2,invoice
ns26_7534312760b59d15ed271c38f503a484,invoice
ns26_3037fda1726e5162a99fd1c10f53d2a6,invoice
ns26_3b9e375dc2f41a315ebd42b5cd3635e2,invoice
ns26_767f09329e5f788fac3d0661535fcb59,invoice
ns26_8c8506a19ec14e0e79f579f01466859a,invoice
ns26_ed6f84633d87c4e5d02c0053038cdf9d,invoice
ns26_53b195fa9eed4f2af735bc129e9743b3,invoice
ns26_8c13a10dd55e690ad75deb95d3598c0e,invoice
ns26_6022f6421601b7abcca32070e6e31738,invoice
ns26_831ad0f1cdd8e4a4dd2d30a10430cfad,invoice
ns26_c6a508228ab0396d7f164d236ece12a8,invoice
ns26_cf1bbb28e664a34f0885b192f49e1fb4,invoice
ns26_56a3abf10840a783e348eeb84f4062a6,invoice
ns26_4cade9e958bd7647acc53c857ef78a43,invoice
ns26_18414c113141cef4345379f1882ad326,invoice
ns26_384a9cf033cc8284a1718a83f52a0cd1,invoice
ns26_5f0276b7677f9b20b10be54e748e0914,invoice
ns26_17ff26b9f6a608f6ef1fbce1b41845c4,invoice
ns26_71307f0ca7fa135a01d97ae891c05934,invoice
ns26_64cbc93e3c72a8a81881264b2514fdeb,invoice
ns26_90440cadd4269ae9d50d914e1ad05093,invoice
ns26_303df22422646d09918610d60bfc7eef,invoice
ns26_5a6c45114cfd7b42fb650538727dd5ff,invoice
ns26_3f2613e93fb411fc658e9c9143df542f,invoice
ns26_596785c29d1a5e449401f4aba35f9647,invoice
ns26_a6c6a2949954d40c6446b611b46d398d,invoice
ns26_162ce75a28459065ca5922618dbb7565,invoice
ns26_a4f1cdc59ac57b5705d34177a1c29897,invoice
ns26_a4934cfe3060251b7d79817c7b819f4d,invoice
ns26_a7d7597419db5e3ad3f67f30e94d52c5,invoice
ns26_b3c99d2075908558ff4be2c733bef4cc,invoice
ns26_42be9ccca098e7e1dc5acf64e1194d88,invoice
ns26_8d25c51858a4e4e3158534a1572b3b43,invoice
ns26_b1b62fa9d2459ed17aa93f8630897b5c,invoice
ns26_a0e47a99f49763dab161b517262297c9,invoice
ns26_e33ac6c81dac38df08dfb629fc5a6250,invoice
ns26_240982ef27a3507a87ddaa849c72d4ac,invoice
ns26_43a60e8dab990ba0e06bc594347ce7bf,invoice
ns26_179c063a2bdaa93b286741e71ef89009,invoice
ns26_943cd3bdc220bf98069debaa86ac9227,invoice
ns26_1a8cfb6a0417aac1e32513ef9529b11f,invoice
ns26_13fe9248b4ae4286d682bb22c5d5f128,invoice
ns26_aac871772dfd2c865feb1b83c00ee36b,invoice
ns26_3b4d1a669b6e2458e04fd3d59dce94c9,invoice
ns26_6c7210b545ea8265dd114aa3a7ccc421,invoice
ns26_9c245cd314f9366d63978b1605b55611,invoice
ns26_320814ac531e013f775632b7c19ef8d9,invoice
ns26_b5d04fc0dbca347a83cef49647b5e0cf,invoice
ns26_0b8375debdfe343c0b46ef6a3c111bdc,invoice
ns26_4ea1d6d1cc92deaf9ab2650f2b509259,invoice
ns26_efabda84b996ed0ce82ab8b9914588b0,invoice
ns26_d6e3ce75532d707027ce7b655a7e679d,invoice
ns26_8f8850ca3d8f9f5523e0fccda78fcc81,invoice
ns26_f9c8c2e34620cfc73c5e80a7b77a795f,invoice
ns26_6ca21a39ae04d22a7d9b466440fd46ca,invoice
ns26_0fd5f3afccd65432bbcf150ebfa3fdef,invoice
ns26_53b9d5a83311cf03e032ae6e4d44548f,invoice
ns26_16e36e95a2655d146f01adff814b9e94,invoice
ns26_71e24a969379f8c3f4f4975ecb6a37a6,invoice
ns26_1db1d26298bbc55c9b2e0720aa54d1e4,invoice
ns26_9e36a2a42eeac625a82e50f3e940d863,invoice
ns26_baab6d0f82ac500fb82fee122ffc9ccf,invoice
ns26_583f4a31a105e6dd7485782487b333f5,invoice
ns26_df066f55904284bd146faeb6569ae267,invoice
ns26_935be2a0847f107ee8c754774cdaf15c,invoice
ns26_b09230d01b4f2015683c7014e838a16f,invoice
ns26_9e3fa02401180b27244d635e9070b780,invoice
ns26_1701f3db350644401f703ff39a363be4,invoice
ns26_cb3f90976030d98938c34f065b7e03de,invoice
ns26_9029719f4283db428a9b34e423a7408b,invoice
ns26_f54311b4f09b6e6a8fb55e1728991b8f,invoice
ns26_3a003202fba5cfd0ed2dcdc634d9bfa7,invoice
ns26_80c7f79323060b69e9d6fd06f1d8a264,invoice
ns26_901fcf736ca7b5ccd541176dc94eb4d1,invoice
ns26_d781bbaac2d8e6fc4e850224043fb38c,invoice
ns26_b27ac3d3ce371a181a61e846b34c1e86,invoice
ns26_df3cc6ce6d191e856e622fcee6c094f3,invoice
ns26_e868417ce14c5af08dafb1313e6c6cc0,invoice
ns26_e0b79a72c5fdce5c624d123a697a9f61,invoice
ns26_f3f8d10481fc7333f07ba86ec2507088,invoice
ns26_6d1b5bb7db5b177741371b2893f13e48,invoice
ns26_25dcbc8eeb2be88ea8bd36c99e0fddf3,invoice
ns26_b8b00812c0a53d5f805ced9abb9eb2f1,invoice
ns26_0c05f069ee2fa6c95b01598eb22dea6b,invoice
ns26_7d72f6751a0013831f311cf2dac0da5d,invoice
ns26_41bb8dbc3fa39b4674d0ce0b8384be7b,invoice
ns26_d98ddc332afe00c3421a006964cdd383,invoice
ns26_da16af533c4ba5667789691fbf26bffa,invoice
ns26_2abab4861b570acbd841090382a68e5b,invoice
ns26_85ddd64d4ebfa847df0715df8a805a34,invoice
ns26_3a720d862c1eeafe3f1fb7f54c66dbaa,invoice
ns26_0a77e8e8ba8792919604f6cf53e879d8,invoice
ns26_047488013bcd46f7922a0f428eaef4cf,invoice
ns26_127ea5c490b0b51e649b125535101944,invoice
ns26_20259c46e397d6cfd757bb01eab8fcde,invoice
ns26_7d038b8622c3158ac53563d2e1311462,invoice
ns26_0f6df5b4c93abffeba28294b698780d5,invoice
ns26_c3337fb8e08cfe5d9ac2ff880b447afc,invoice
ns26_13fbbdc5fadf6e99b93ce99c3c9c8bca,invoice
ns26_7b9e3027475f833a35b4fce382101e94,invoice
ns26_b999322b48db975c4ba7c809c306178d,invoice
ns26_111338e1ad3e6a4c41a7635c53bd86ce,invoice
ns26_5b2e476aa2334300bab6ef4f8505a648,invoice
ns26_dec6374b8db39a19d19438411aa698ed,invoice
ns26_982deb4a716b47b02e8d8fb440ee83c6,invoice
ns26_455a440f804c6dc6286b55da1249b9bb,invoice
ns26_f278bfb65a931ba25ab58d28f0585772,invoice
ns26_cf1efb1731a280993611a665d04aedd9,invoice
ns26_f54cd6ed8e43c9e7a0b6fb51110d1f5f,invoice
ns26_22405cda2b995b49c4d38bc51decd514,invoice
ns26_248a7c35aa87b2ab898d189165374f41,invoice
ns26_d1606481c4ad1f5ec71b2c949303f98a,invoice
ns26_d336ead4c00bc6b1a9c1ef9198d0bee7,invoice
ns26_c9919b0c7c38d44ed4c009b8edcf71a8,invoice
ns26_a6a9a08d7b4f4d1de47f16348cd8d892,invoice
ns26_a9db1dc656b7ff4cf2217f4bcd649c80,invoice
ns26_e99d1d947fa28ff5994eb17b4d00b404,invoice
ns26_d9fbd0c22af9aa16644b634e8c7679c4,invoice
ns26_d74f40d7ecb3f11c04165192fa1d94ec,invoice
ns26_f20f749fe903f68b5de0feb643721358,invoice
ns26_b6974df752c14bcca21861e3c1600db2,invoice
ns26_4b35872152b26af3bb188ec807c55a32,invoice
ns26_ff6904830c5461f93042e9c75e569cd1,invoice
ns26_2c073338eb7439254093a27f90813feb,invoice
ns26_cfc93571f010ac85fd89e83e5dbf06a0,invoice
ns26_4a78eef328894703befce641bc8c64b1,invoice
ns26_bc962c8fd95ee1ae851b73453c04d695,invoice
ns26_4f898d18a5a08d0578e8235e42756a81,invoice
ns26_70e2a5a35781f191f094732463c80c61,invoice
ns26_b685086fbe775fabf777177c6ad11dcf,invoice
ns26_5e6d1487a5715c8b1ff1f70778fee691,invoice
ns26_a080c6a8f3e058439c7dfbfbf0635786,invoice
ns26_1463c6bbd608826391211cc37688ed8f,invoice
ns26_9a14136c62001fbdeedbe7861e4ddf71,invoice
ns26_dbaa86d6f299a07427d433d8c36649ee,invoice
ns26_c252e7eadcd646fca9a24067d0bbed1a,invoice
ns26_88b8263f4e6d6612098edec5066b5fba,invoice
ns26_57bf289eb6969ca923dcb82b40f1351d,invoice
ns26_98ce09c39548604eac4781db2e7a78cb,invoice
ns26_86fd05e150c1961a7d2be976c5a991d7,invoice
ns26_45a0f13b52beb03f2b5408774ab9590f,invoice
ns26_5185f33d13b1fa810da25ee3f545f314,invoice
ns26_10705f508c9bc95bc02c3744695cf763,invoice
ns26_c56d46c80899cc70a1cfc0203eefc9f0,invoice
ns26_e61d6b38aec6118772f5872cd3619c92,invoice
ns26_f4578b4ed15df396f3a65edf628a45e0,invoice
ns26_baad839e44b54ef05ea9cea7be733be8,invoice
ns26_b08a32d478502aa29445b1e6586e7277,invoice
ns26_eed9aa609c77639c73d05e03db13e0ff,invoice
ns26_83f300303ba1fb4288ff41a442ebbbaa,invoice
ns26_69e2b6eebb0b45d3a33934924187d96f,invoice
ns26_9438ee3906d674d68c256add1d210fd8,invoice
ns26_8989c48f9a9d09bc7db28aa7af95e5ea,invoice
ns26_2841d9f257d8e59724934bbf00049f2b,invoice
ns26_9e5ea8a562b6d0e58c0994cccd264840,invoice
ns26_84b924e93d0c987a3ca1e1c46cc3eea3,invoice
ns26_3dc5fcdba08d9b77d8ba729131a87ba6,invoice
ns26_cd89f296dae6ac50c95cc70d5da2c3c8,invoice
ns26_1e7d6d716f1668e8126c9d0b157000d5,invoice
ns26_80e62d45a38bc0fb5462f5077bc0f0c0,invoice
ns26_60e97d2c3ba29b25be7cc1a8d2268bc0,invoice
ns26_d2490166f3c37de438948b2a1138012f,invoice
ns26_cd55ae6182a7b8390c57b8b5f459567d,invoice
ns26_083cc15d60e4074d3c4623e184a99c7d,invoice
ns26_ca245b88b207a24acc823ec60ca1b7bb,invoice
ns26_a91145374fab50c6c45589e089b1df97,invoice
ns26_4058ce6e860dde756dea57636681a2f0,invoice
ns26_2d0c4b8b6f29c8af5b0015ca7fb35d47,invoice
ns26_f7e0a27f76b147ffefe8e7c420eae8f3,invoice
ns26_f904bfaa93ed35802c269e028be2d18b,invoice
ns26_20c546cb83902eda4ea469e3293265d8,invoice
ns26_d1e8c78de205ea3a75d2e19746a727ac,invoice
ns26_b852b8ebafa501504c5fe0d4c049bc5b,invoice
ns26_d913ab7742b4e1316a16eed80cda9629,invoice
ns26_345e829f6c8a11bd39607583d08bf43c,invoice
ns26_701b87c0baeb66e7366164fb26dfe238,invoice
ns26_adbca5a1890546fffbfe5c2752e98c13,invoice
ns26_d1c94720cb6b583d982e1c790ccd35eb,invoice
ns26_fb110a2deb40e54f9f947e448a38b28d,invoice
ns26_b959ede444786f20470ab00ffe291a59,invoice
ns26_a6f41534c8ddc13e7dda93c17e2b0405,invoice
ns26_3b85c5d83d69c73ff10d4fc2f5cdcb57,invoice
ns26_a49e9bcc81d7720f49ed954a7d7ac7cd,invoice
ns26_e72eabbb547c10d19301d2d27cd0e8b7,invoice
ns26_088a852d0461510fd0b63d780a097d7f,invoice
ns26_6588105d5bdb9bbf5b208f7a28a44376,invoice
ns26_114f60d7f049d86094aaf6a82c018ece,invoice
ns26_62b825f280d5ba93321156d6b1755b7e,invoice
ns26_bee7ac2e045fd9ea3063ee6cd893415f,invoice
ns26_f1d1b00136b7561e4a9856b60b608302,invoice
ns26_51d90625fa7260e80eea11d4c34dffd4,invoice
ns26_4da87a16d4414f0f914fea0e2e33a51f,invoice
ns26_ff8b2baeeb8e8641aa344d3885f7947e,invoice
ns26_69d727bfa62b6dff592c75c063e5517f,invoice
ns26_6ce31a65b8b53b1b090df0846df8b60a,invoice
ns26_068042ffc50ce5db0c8223c648d1a2f3,invoice
ns26_7b0c37f9b560eb34dba1d126c21c4605,invoice
ns26_d18775b02bf2c402903152eab3324a04,invoice
ns26_82bef555f6b1c7d1989a646c3622f295,invoice
ns26_8c5086111442b7bdb3d84767d8526a4a,invoice
ns26_168b515e0aee6ea64498768ffc5863c6,invoice
ns26_2220fcbf7b424a64ca13e128d736615a,invoice
ns26_3e615600c267020136ef1630b91d46ab,invoice
ns26_a8b9921f98495f567614f6a27688350c,invoice
ns26_211ff9be5af97224c0dd898ec5bd692a,invoice
ns26_bbe6e6417d9369e443c7ddc691acd487,invoice
ns26_c430d97354c3ab9ac061eef01a074c49,invoice
ns26_95a6fb37b6bfb886749afa6122c10a13,invoice
ns26_afc108e07e78f2e091a0f8ef883b982e,invoice
ns26_247b0ed891ae9d6c5a976a4c92b1507f,invoice
ns26_a346298b5c01865ce2d5893e0f07c8c5,invoice
ns26_883d111ec0c77f66362110dcca9c7575,invoice
ns26_5be5feb0a740cfec08b3685802241f9f,invoice
ns26_4adf3373520d1ef6cafce90577617e21,invoice
ns26_5f3270e0fbf983b792f1d9acea156967,invoice
ns26_80eef1ef022fd04b9b0100f62d1da70b,invoice
ns26_fbf94e88fc5c58b9a96e8b5a416c6a6c,invoice
ns26_943db670874587594a50a8a7b008580d,invoice
ns26_d93cf08d270fa9875b8fc5eebc101aaf,invoice
ns26_cd0a4ad9e63b97e66e94e908e8bf41ca,invoice
ns26_5b9416c0ff115103884109fea238223b,invoice
ns26_f274ede503be956912167f6e458ff103,invoice
ns26_f9d9d1d12ee6122eb344544cc5db7349,invoice
ns26_111cbca3a513c38505c53e75b23b892a,invoice
ns26_ebdcd66fd32bfe7e7c1220a359b35f11,invoice
ns26_33eca116f92ed95c89d973644f115158,invoice
ns26_cd628ff09a9ef2d55b41651ee11f089f,invoice
ns26_a668f8f1a07c7729b0607fc964f581f5,invoice
ns26_937bf48c90020bd003441629f4ae6e76,invoice
ns26_96f9311b245084a65fdfec755a6459ce,invoice
ns26_a9cc9d6bb68b900ce3e81573d69deba8,invoice
ns26_63fbf1a1730705d8973ccb094d8137b4,invoice
ns26_8ad88390e86df45d7d657577ff264c64,invoice
ns26_35afe271b71f3dc389e2e043ca6f2b4a,invoice
ns26_bf8c95db6f9fc2df20374349f078c2f4,invoice
ns26_e5e65ce805c4cfe79ffb328e13034f55,invoice
ns26_fda0a5a0b3568ea16bc3c5f6c67f0c02,invoice
ns26_a05046aa1a0f0f7da59d0228391fe25f,invoice
ns26_fef8d34c2dd045f205c2c27adc879cd2,invoice
ns26_7f121c26351518f02733c0adc1d06f13,invoice
ns26_6758c15fad014155f0c3e05885ab2719,invoice
ns26_ea80654ce5f786675a78fbe19889d346,invoice
ns26_a56bf580d804be372efe0ddce84967d6,invoice
